community_clean,dsp_pct_january,total_annual,total_january,monthly_avg,community
NEW CITY,18.454709706790343,70291,1081,5857.583333333333,New City
GARFIELD RIDGE,17.850925779395475,18957,282,1579.75,Garfield Ridge
NEAR SOUTH SIDE,15.281501340482572,20888,266,1740.6666666666667,Near South Side
WEST ENGLEWOOD,14.07725321888412,52425,615,4368.75,West Englewood
BEVERLY,6.118587047939445,38048,194,3170.6666666666665,Beverly
