community_clean,dsp_pct_january,total_annual,total_january,monthly_avg,community
WEST ELSDON,61.663074979564534,26914,1383,2242.8333333333335,West Elsdon
WOODLAWN,56.8582475915853,45777,2169,3814.75,Woodlawn
HYDE PARK,53.80715059588299,69225,3104,5768.75,Hyde Park
WASHINGTON PARK,53.612511309293005,23211,1037,1934.25,Washington Park
EVANSTON,46.98666838826301,30979,1213,2581.5833333333335,Evanston
